,In-Sample,Out-of-Sample,Difference,Degradation %
total_return,2.0557864472557696,2.8234068336927542,0.7676203864369846,37.33950029010389
benchmark_return,28.555021172567407,13.588924414910618,-14.96609675765679,-52.41143638875886
alpha,-26.499234725311638,-10.765517581217864,15.733717144093774,-59.374232151184295
